{"cameraMode":{"drawMode":0,"name":"Shaded","section":"Shading Mode"},"sceneLighting":true,"audioPlay":false,"sceneViewState":{"showFog":true,"showMaterialUpdate":false,"showSkybox":true,"showFlares":true,"showImageEffects":true,"showParticleSystems":true,"showVisualEffectGraphs":true,"m_FxEnabled":true},"in2DMode":false,"pivot":{"x":37.356475830078128,"y":34.55887985229492,"z":-12.337770462036133},"rotation":{"x":0.23919463157653809,"y":-0.6181278824806213,"z":0.21032968163490296,"w":0.7179678082466126},"size":13.438654899597168,"orthographic":false}