{"cameraMode":{"drawMode":0,"name":"Shaded","section":"Shading Mode"},"sceneLighting":true,"audioPlay":false,"sceneViewState":{"showFog":true,"showMaterialUpdate":false,"showSkybox":true,"showFlares":true,"showImageEffects":true,"showParticleSystems":true,"showVisualEffectGraphs":true,"m_FxEnabled":true},"in2DMode":false,"pivot":{"x":-0.3242434859275818,"y":74.0542984008789,"z":-14.586603164672852},"rotation":{"x":0.6704509854316711,"y":-0.0029073739424347879,"z":0.00747575843706727,"w":0.7412493824958801},"size":14.650248527526856,"orthographic":false}