{"cameraMode":{"drawMode":0,"name":"Shaded","section":"Shading Mode"},"sceneLighting":true,"audioPlay":false,"sceneViewState":{"showFog":true,"showMaterialUpdate":false,"showSkybox":true,"showFlares":true,"showImageEffects":true,"showParticleSystems":true,"showVisualEffectGraphs":true,"m_FxEnabled":true},"in2DMode":false,"pivot":{"x":1.309472918510437,"y":-15.072457313537598,"z":21.982986450195314},"rotation":{"x":0.5294992327690125,"y":0.011088542640209198,"z":-0.0026734131388366224,"w":0.8476601839065552},"size":40.433021545410159,"orthographic":false}