{"cameraMode":{"drawMode":0,"name":"Shaded","section":"Shading Mode"},"sceneLighting":false,"audioPlay":false,"sceneViewState":{"showFog":true,"showMaterialUpdate":false,"showSkybox":false,"showFlares":true,"showImageEffects":true,"showParticleSystems":true,"showVisualEffectGraphs":true,"m_FxEnabled":true},"in2DMode":false,"pivot":{"x":-5.442145347595215,"y":-9.918495178222657,"z":35.33919906616211},"rotation":{"x":-0.6168965697288513,"y":-0.0018915855325758458,"z":0.0014827343402430416,"w":-0.7870177030563355},"size":42.868263244628909,"orthographic":false}