{"cameraMode":{"drawMode":0,"name":"Shaded","section":"Shading Mode"},"sceneLighting":false,"audioPlay":false,"sceneViewState":{"showFog":true,"showMaterialUpdate":false,"showSkybox":false,"showFlares":true,"showImageEffects":true,"showParticleSystems":true,"showVisualEffectGraphs":true,"m_FxEnabled":true},"in2DMode":false,"pivot":{"x":1.3173798322677613,"y":2.106292486190796,"z":44.38883972167969},"rotation":{"x":0.010325266048312188,"y":-0.9884597063064575,"z":0.12853360176086427,"w":0.07935179769992829},"size":0.8660253882408142,"orthographic":false}