{"cameraMode":{"drawMode":0,"name":"Shaded","section":"Shading Mode"},"sceneLighting":false,"audioPlay":false,"sceneViewState":{"showFog":true,"showMaterialUpdate":false,"showSkybox":false,"showFlares":true,"showImageEffects":true,"showParticleSystems":true},"in2DMode":false,"pivot":{"x":0.6997413635253906,"y":-0.18618392944335938,"z":-1.5465621948242188},"rotation":{"x":-0.2641172409057617,"y":-0.012444843538105488,"z":0.003407963551580906,"w":-0.964404284954071},"size":93.70201873779297,"orthographic":false}