{"cameraMode":{"drawMode":0,"name":"Shaded","section":"Shading Mode"},"sceneLighting":true,"audioPlay":false,"sceneViewState":{"showFog":true,"showMaterialUpdate":false,"showSkybox":true,"showFlares":true,"showImageEffects":true,"showParticleSystems":true},"in2DMode":false,"pivot":{"x":12.976385116577149,"y":52.82160568237305,"z":-32.11113357543945},"rotation":{"x":-0.44590476155281069,"y":-0.02122686803340912,"z":0.010577959008514882,"w":-0.8947662115097046},"size":3.7416584491729738,"orthographic":false}