{"cameraMode":{"drawMode":0,"name":"Shaded","section":"Shading Mode"},"sceneLighting":false,"audioPlay":false,"sceneViewState":{"showFog":true,"showMaterialUpdate":false,"showSkybox":false,"showFlares":true,"showImageEffects":true,"showParticleSystems":true},"in2DMode":false,"pivot":{"x":6.560515880584717,"y":-13.985003471374512,"z":39.32261276245117},"rotation":{"x":-0.2635217308998108,"y":-0.06592264026403427,"z":0.01805371604859829,"w":-0.9622290134429932},"size":93.70198822021485,"orthographic":false}